BRANCH_ID,BRANCH_ADDRESS,BRANCH_EMAIL,BRANCH_PHN_NO
2808,Room 1802,schasier0@hhs.gov,BRANCH PHN NO
2946,Room 1258,mlambswood1@wufoo.com,BRANCH PHN NO
2508,PO Box 78161,dsollam2@theguardian.com,BRANCH PHN NO
3021,Suite 71,gsimonini3@fda.gov,BRANCH PHN NO
4131,14th Floor,ficzokvitz4@apache.org,BRANCH PHN NO
2847,PO Box 89484,rrothermel5@netlog.com,BRANCH PHN NO
4720,10th Floor,battestone6@cbc.ca,BRANCH PHN NO
1252,Suite 53,rwhittington7@vimeo.com,BRANCH PHN NO
4826,16th Floor,jfearns8@nps.gov,BRANCH PHN NO
4999,Apt 1984,qfetter9@microsoft.com,BRANCH PHN NO
2808,Room 1802,schasier0@hhs.gov,BRANCH PHN NO
2946,Room 1258,mlambswood1@wufoo.com,BRANCH PHN NO
2508,PO Box 78161,dsollam2@theguardian.com,BRANCH PHN NO
3021,Suite 71,gsimonini3@fda.gov,BRANCH PHN NO
4131,14th Floor,ficzokvitz4@apache.org,BRANCH PHN NO
2847,PO Box 89484,rrothermel5@netlog.com,BRANCH PHN NO
4720,10th Floor,battestone6@cbc.ca,BRANCH PHN NO
1252,Suite 53,rwhittington7@vimeo.com,BRANCH PHN NO
4826,16th Floor,jfearns8@nps.gov,BRANCH PHN NO
4999,Apt 1984,qfetter9@microsoft.com,BRANCH PHN NO
2808,Room 1802,schasier0@hhs.gov,BRANCH PHN NO
2946,Room 1258,mlambswood1@wufoo.com,BRANCH PHN NO
2508,PO Box 78161,dsollam2@theguardian.com,BRANCH PHN NO
3021,Suite 71,gsimonini3@fda.gov,BRANCH PHN NO
4131,14th Floor,ficzokvitz4@apache.org,BRANCH PHN NO
2847,PO Box 89484,rrothermel5@netlog.com,BRANCH PHN NO
4720,10th Floor,battestone6@cbc.ca,BRANCH PHN NO
1252,Suite 53,rwhittington7@vimeo.com,BRANCH PHN NO
4826,16th Floor,jfearns8@nps.gov,BRANCH PHN NO
4999,Apt 1984,qfetter9@microsoft.com,BRANCH PHN NO
2808,Room 1802,schasier0@hhs.gov,BRANCH PHN NO
2946,Room 1258,mlambswood1@wufoo.com,BRANCH PHN NO
2508,PO Box 78161,dsollam2@theguardian.com,BRANCH PHN NO
3021,Suite 71,gsimonini3@fda.gov,BRANCH PHN NO
4131,14th Floor,ficzokvitz4@apache.org,BRANCH PHN NO
2847,PO Box 89484,rrothermel5@netlog.com,BRANCH PHN NO
4720,10th Floor,battestone6@cbc.ca,BRANCH PHN NO
1252,Suite 53,rwhittington7@vimeo.com,BRANCH PHN NO
4826,16th Floor,jfearns8@nps.gov,BRANCH PHN NO
4999,Apt 1984,qfetter9@microsoft.com,BRANCH PHN NO
2808,Room 1802,schasier0@hhs.gov,BRANCH PHN NO
2946,Room 1258,mlambswood1@wufoo.com,BRANCH PHN NO
2508,PO Box 78161,dsollam2@theguardian.com,BRANCH PHN NO
3021,Suite 71,gsimonini3@fda.gov,BRANCH PHN NO
4131,14th Floor,ficzokvitz4@apache.org,BRANCH PHN NO
2847,PO Box 89484,rrothermel5@netlog.com,BRANCH PHN NO
4720,10th Floor,battestone6@cbc.ca,BRANCH PHN NO
1252,Suite 53,rwhittington7@vimeo.com,BRANCH PHN NO
4826,16th Floor,jfearns8@nps.gov,BRANCH PHN NO
4999,Apt 1984,qfetter9@microsoft.com,BRANCH PHN NO
2808,Room 1802,schasier0@hhs.gov,BRANCH PHN NO
2946,Room 1258,mlambswood1@wufoo.com,BRANCH PHN NO
2508,PO Box 78161,dsollam2@theguardian.com,BRANCH PHN NO
3021,Suite 71,gsimonini3@fda.gov,BRANCH PHN NO
4131,14th Floor,ficzokvitz4@apache.org,BRANCH PHN NO
2847,PO Box 89484,rrothermel5@netlog.com,BRANCH PHN NO
4720,10th Floor,battestone6@cbc.ca,BRANCH PHN NO
1252,Suite 53,rwhittington7@vimeo.com,BRANCH PHN NO
4826,16th Floor,jfearns8@nps.gov,BRANCH PHN NO
4999,Apt 1984,qfetter9@microsoft.com,BRANCH PHN NO
2808,Room 1802,schasier0@hhs.gov,BRANCH PHN NO
2946,Room 1258,mlambswood1@wufoo.com,BRANCH PHN NO
2508,PO Box 78161,dsollam2@theguardian.com,BRANCH PHN NO
3021,Suite 71,gsimonini3@fda.gov,BRANCH PHN NO
4131,14th Floor,ficzokvitz4@apache.org,BRANCH PHN NO
2847,PO Box 89484,rrothermel5@netlog.com,BRANCH PHN NO
4720,10th Floor,battestone6@cbc.ca,BRANCH PHN NO
1252,Suite 53,rwhittington7@vimeo.com,BRANCH PHN NO
4826,16th Floor,jfearns8@nps.gov,BRANCH PHN NO
4999,Apt 1984,qfetter9@microsoft.com,BRANCH PHN NO
2808,Room 1802,schasier0@hhs.gov,BRANCH PHN NO
2946,Room 1258,mlambswood1@wufoo.com,BRANCH PHN NO
2508,PO Box 78161,dsollam2@theguardian.com,BRANCH PHN NO
3021,Suite 71,gsimonini3@fda.gov,BRANCH PHN NO
4131,14th Floor,ficzokvitz4@apache.org,BRANCH PHN NO
2847,PO Box 89484,rrothermel5@netlog.com,BRANCH PHN NO
4720,10th Floor,battestone6@cbc.ca,BRANCH PHN NO
1252,Suite 53,rwhittington7@vimeo.com,BRANCH PHN NO
4826,16th Floor,jfearns8@nps.gov,BRANCH PHN NO
4999,Apt 1984,qfetter9@microsoft.com,BRANCH PHN NO
2808,Room 1802,schasier0@hhs.gov,BRANCH PHN NO
2946,Room 1258,mlambswood1@wufoo.com,BRANCH PHN NO
2508,PO Box 78161,dsollam2@theguardian.com,BRANCH PHN NO
3021,Suite 71,gsimonini3@fda.gov,BRANCH PHN NO
4131,14th Floor,ficzokvitz4@apache.org,BRANCH PHN NO
2847,PO Box 89484,rrothermel5@netlog.com,BRANCH PHN NO
4720,10th Floor,battestone6@cbc.ca,BRANCH PHN NO
1252,Suite 53,rwhittington7@vimeo.com,BRANCH PHN NO
4826,16th Floor,jfearns8@nps.gov,BRANCH PHN NO
4999,Apt 1984,qfetter9@microsoft.com,BRANCH PHN NO
2808,Room 1802,schasier0@hhs.gov,BRANCH PHN NO
2946,Room 1258,mlambswood1@wufoo.com,BRANCH PHN NO
2508,PO Box 78161,dsollam2@theguardian.com,BRANCH PHN NO
3021,Suite 71,gsimonini3@fda.gov,BRANCH PHN NO
4131,14th Floor,ficzokvitz4@apache.org,BRANCH PHN NO
2847,PO Box 89484,rrothermel5@netlog.com,BRANCH PHN NO
4720,10th Floor,battestone6@cbc.ca,BRANCH PHN NO
1252,Suite 53,rwhittington7@vimeo.com,BRANCH PHN NO
4826,16th Floor,jfearns8@nps.gov,BRANCH PHN NO
4999,Apt 1984,qfetter9@microsoft.com,BRANCH PHN NO
